-- phpMyAdmin SQL Dump
-- version 3.2.4
-- http://www.phpmyadmin.net
--
-- Host: localhost
-- Generation Time: Jun 22, 2013 at 12:07 PM
-- Server version: 5.1.44
-- PHP Version: 5.3.1

SET SQL_MODE="NO_AUTO_VALUE_ON_ZERO";


/*!40101 SET @OLD_CHARACTER_SET_CLIENT=@@CHARACTER_SET_CLIENT */;
/*!40101 SET @OLD_CHARACTER_SET_RESULTS=@@CHARACTER_SET_RESULTS */;
/*!40101 SET @OLD_COLLATION_CONNECTION=@@COLLATION_CONNECTION */;
/*!40101 SET NAMES utf8 */;

--
-- Database: `drlawas`
--

-- --------------------------------------------------------

--
-- Table structure for table `dummy`
--

CREATE TABLE IF NOT EXISTS `dummy` (
  `generic` varchar(255) NOT NULL,
  `brand` varchar(255) NOT NULL,
  `preparation` varchar(255) NOT NULL,
  `dosage` varchar(255) NOT NULL
) ENGINE=MyISAM DEFAULT CHARSET=utf8;

--
-- Dumping data for table `dummy`
--

INSERT INTO `dummy` (`generic`, `brand`, `preparation`, `dosage`) VALUES
('Salbutamol', 'Asvent', '2mg/5ml suspension', '5ml 3x a day for cough'),
('Salbutamol', 'Asfrenon', '2mg tablet', '1 tab 3x a day for cough'),
('Salbutamol/Guafenesin', 'Asvent plus', '1mg/50mg/5ml syrup', '5ml 3x a day for cough'),
('Salbutamol/Guafenesin', 'Salvex XP', '1mg/50mg/5ml syrup', '5ml 3x a day for cough'),
('Salbutamol/Guafenesin', 'Salvex XP', '2mg/tab ', '1 tab 3x a day for cough'),
('Salbutamol/Guafenesin', 'Salbussin', '2mg/tab ', '1 tab 3x a day for cough'),
('Salbutamol', 'Brodix', 'nebule', 'nebulize 3x a day'),
('Salbutamol/Ipratropium', 'Aura plus', 'nebule', 'nebulize 3x a day'),
('Cefalexin', 'Lexibase', '100mg/1ml drops', '1.5 ml 3x a day for 7 days'),
('Cefalexin', 'Cefax', '100mg/1ml drops', '1.5 ml 3x a day for 7 days'),
('Cefalexin ', 'Lexibase', '250mg/5ml suspension', '5ml 3x a day for 7 days'),
('Cefalexin', 'Lexibase', '500mg capsule', '1 capsule 3x a day for 7 days'),
('Amoxicillin ', 'Acumox', '100mg/1ml drops', '1.5ml 3x a day for 7 days'),
('Amoxicillin ', 'Acumox', '250mg/5ml suspension', '5ml 3x a day for 7 days'),
('Paracetamol', 'Panadene', '100mg/1ml drops', '1.5ml every 4 hours for fever'),
('Paracetamol', 'Panadene', '250mg/5ml suspension', '5ml every 4 hours for fever'),
('Paracetamol', 'Panadene', '500mg tablet', '1 tab every 4 hours for fever'),
('Cefaclor ', 'Zyrcef', '250mg/5ml suspension', '5ml 3x a day for 7 days'),
('Cotrimoxazole', 'Cotribase', '200mg/40mg suspension', '5ml 2x a day for 7 days'),
('Phenylpropanolamine', 'Nazaclir', 'drops', '1.5 ml 3x a day for colds'),
('Phenylpropanolamine/Brompheniramine', 'Sneez', '12.5/4mg syrup', '5ml 3x a day for colds'),
('Phenylephrine/Brompheniramine', 'Cold Aid', '12.5/4mg syrup', '5ml 3x a day for colds'),
('Phenylephrine/Brompheniramine', 'Sinulif', '12.5/4mg syrup', '5ml 3x a day for colds'),
('Ciprofloxacin', 'Prozin', '500mg tablet', '1 tab 2x a day for 7 days'),
('Ciprofloxacin', 'Quinocip', '500mg tablet', '1 tab 2x a day for 7 days'),
('Cefuroxime', 'Rovix', '250mg/5ml suspension', '5ml 2x a day for 7 days'),
('Cefuroxime', 'Geoxime', '500mg tablet', '1 tab 2x a day for 7 days'),
('Co-Amoxiclav', 'Clovimax', '250mg/5ml suspension', '5ml 3x a day for 7 days'),
('Co-Amoxiclav', 'Clamoxx', '625mg tablet', '1 tab 2x a day for 7 days'),
('Metformin', 'Formet', '500mg tablet', '1tab 3x a day with meals'),
('Glimepiride', 'Glimetrol', '2mg tablet', '1 tab daily before breakfast'),
('Glimepiride', 'Glimetrol', '4mg tablet', '1 tab daily before breakfast'),
('Omeprazole', 'Omepracid', '20mg tablet', '1 tab 2x a day for 7 days'),
('Omeprazole', 'Peptisolv', '20mg tablet', '1 tab 2x a day for 7 days'),
('Esomeprazole', 'Frazone 40', '40mg tablet', '1 tab daily for 7 days'),
('Hyoscine N Butylbromide', 'Cospan', '10mg tablet', '1 tab 3x a day for abdominal pain'),
('Hyoscine N Butylbromide', 'Hyscine', '5mg/5ml syrup', '5ml 3x a day for abdominal pain'),
('Tramadol', 'Unitral', '50mg capsule', '1 capsule 3x a day for pain'),
('Tramadol/Paracetamol', 'Cetradol', '37.5/325mg tab', '1tab 3x a day for pain'),
('Mefenamic Acid', 'Icelax', '500mg tablet', '1 capsule 3x a day for pain'),
('Mefenamic Acid', 'Analcid', '50mg/5ml syrup', '5ml 3x a day for pain'),
('Amlodipine ', 'Ambloc', '5mg tablet', '1 tab daily'),
('Amlodipine ', 'Ambloc', '10 mg tablet', '1 tablet daily'),
('Amlodipine ', 'Medipine', '5mg tablet', '1 tablet daily'),
('Amlodipine ', 'Lopivasc', '5mg tablet', '1 tablet daily'),
('Amlodipine ', 'Amlomed', '10mg tablet', '1 tablet daily'),
('Losartan', 'Vamzaar', '100mg tablet', '1 tablet daily'),
('Losartan/Hydrochlorothiazide', 'Duosar', '50/12.5mg tab', '1 tablet daily'),
('Roxithromycin', 'Ruthison', '300mg tablet', '1 tab daily for 7 days'),
('Celecoxib', 'Coxbitor', '200mg tablet', '1 tab daily for pain'),
('Celecoxib', 'Celence', '200mg tablet', '1 tab daily for pain'),
('Metronidazole', 'Jinzole', '500mg tablet', '1 tablet 3x a day for 7 days'),
('Calcium Carbonate', 'Calsimet', '750mg tablet', '1 tab daily'),
('Prednisone', 'Steerometz', '5mg tablet', '1 tab 3x a day'),
('Prednisone', 'Prednimed', '10mg tablet', '1 tab 3x a day'),
('Mebendazole', 'Hemilax', '100mg/5ml suspension', '5ml 2x a day for 3 days'),
('Co-Amoxiclav', 'Altovox', '250/62.5mg suspension', '5ml 3x a day for 7 days'),
('Ambroxol', 'Broloxin', '6mg/ml drops', '1ml 3x a day '),
('Cloxacillin', 'Cloxakid', '250mg/5ml suspension', '5ml 4x a day for 7 days'),
('Al(OH)3/Mg(OH)3/Simethicone', 'Alsium', '225/200/25mg suspension', '5ml 4x a day for 7 days'),
('Al(OH)3/Mg(OH)3/Simethicone', 'Semithine', '225/200/25mg suspension', '5ml 4x a day for 7 days'),
('Zinc Oxide/Calamine', 'Calmoseptine', '2.5g sachet', 'Apply 2x a day'),
('Cloxacillin', 'Cyclox', '250mg/5ml suspension', '5ml 3x a day for 7 days'),
('Probiotic', 'Hexbio', '3g sachet', '1 sachet daily'),
('Oral Rehydration Salts', 'Glucost R', '2g sachet', 'mix 1 sachet in 100ml water'),
('Trimetazidine', 'Angirel', '20mg tablet', '1 tab 2x a day for chest pain'),
('Sildenafil', 'Isorec', '100mg tablet', '1 tab 1 hour before sexual activity'),
('Fenofibrate', 'Lipiduce', '300mg tablet', '1 tab daily at bedtime'),
('Metronidazole', 'Ametris', '125mg/5ml suspension', '5ml 3x a day for 7 days'),
('Cetirizine', 'Zyrrigin', '5mg/5ml syrup', '5ml 2x a day for 7 days'),
('Cetirizine', 'Medmin', '5mg/5ml syrup', '5ml 2x a day for 7 days'),
('Multivitamins+Buclizine', 'Buclivit', 'syrup', '5ml daily'),
('Loratadine', 'Lergicyl', '10mg tablet', '1 tab daily'),
('Multivitamins with lysine and taurine', 'Rejuvon kiddi', 'syrup', '5ml daily'),
('Multivitamins with lysine and taurine', 'Rejuvon kiddi', 'drops', '1ml daily'),
('Cotrimoxazole', 'Suprex forte', '800mg tablet', '1 tab 2x a day for 7 days'),
('Dextromethorphan/Guaifenesin', 'Mucotuss Forte', '10mh/50mg capsule', '1 cap 3x a day for cough'),
('Dextromethorphan/Phenylpropanolamine', 'Ac-nex', '15mg/10mg syrup', '5ml 3x a day for cough'),
('Nystatin', 'Bionyst', '100,000 units/ml suspension', '2ml 4x a day'),
('Xylito', 'Xylogel', 'oral gel', 'Apply to gums as needed'),
('Ofloxacin', 'Oflobiz', '0.3% ophthalmic solution', '2 drops to each eye every 4 hours'),
('Sodium Chloride', 'Salinase', '0.65% nasal drops', '2-3 drops to each nostril as needed'),
('Multivitamins+Buclizine', 'Appetite plus', 'syrup', '5ml daily'),
('Vitamin B complex', 'Neurobase', '100mg/5mg/50mcg capsule', '1 cap daily');

-- --------------------------------------------------------

--
-- Table structure for table `medicine`
--

CREATE TABLE IF NOT EXISTS `medicine` (
  `id` bigint(20) NOT NULL AUTO_INCREMENT,
  `generic_name` varchar(50) NOT NULL,
  `brand_name` varchar(50) NOT NULL,
  `preparation` varchar(50) NOT NULL,
  `dosage` varchar(50) NOT NULL,
  `description` tinytext NOT NULL,
  `amount` decimal(10,2) NOT NULL,
  PRIMARY KEY (`id`)
) ENGINE=MyISAM  DEFAULT CHARSET=utf8 AUTO_INCREMENT=117 ;

--
-- Dumping data for table `medicine`
--

INSERT INTO `medicine` (`id`, `generic_name`, `brand_name`, `preparation`, `dosage`, `description`, `amount`) VALUES
(1, 'Salbutamol', 'Asvent', '2mg/5ml suspension', '5ml 3x a day for cough', '', 0.00),
(2, 'Salbutamol', 'Asfrenon', '2mg tablet', '1 tab 3x a day for cough', '', 0.00),
(3, 'Salbutamol/Guafenesin', 'Asvent plus', '1mg/50mg/5ml syrup', '5ml 3x a day for cough', '', 0.00),
(4, 'Salbutamol/Guafenesin', 'Salvex XP', '1mg/50mg/5ml syrup', '5ml 3x a day for cough', '', 0.00),
(5, 'Salbutamol/Guafenesin', 'Salvex XP', '2mg/tab ', '1 tab 3x a day for cough', '', 0.00),
(6, 'Salbutamol/Guafenesin', 'Salbussin', '2mg/cap', '1 cap 3x a day for cough', '', 0.00),
(7, 'Salbutamol', 'Brodix', 'nebule', 'nebulize 3x a day', '', 0.00),
(8, 'Salbutamol/Ipratropium', 'Aura plus', 'nebule', 'nebulize 3x a day', '', 0.00),
(9, 'Cefalexin', 'Lexibase', '100mg/1ml drops', '1.5 ml 3x a day for 7 days', '', 0.00),
(10, 'Cefalexin', 'Cefax', '100mg/1ml drops', '1.5 ml 3x a day for 7 days', '', 0.00),
(11, 'Cefalexin ', 'Lexibase', '250mg/5ml suspension', '5ml 3x a day for 7 days', '', 0.00),
(12, 'Cefalexin', 'Lexibase', '500mg capsule', '1 capsule 3x a day for 7 days', '', 0.00),
(13, 'Amoxicillin ', 'Acumox', '100mg/1ml drops', '1.5ml 3x a day for 7 days', '', 0.00),
(14, 'Amoxicillin ', 'Acumox', '250mg/5ml suspension', '5ml 3x a day for 7 days', '', 0.00),
(15, 'Paracetamol', 'Panadene', '100mg/1ml drops', '1.5ml every 4 hours for fever', '', 0.00),
(16, 'Paracetamol', 'Panadene', '250mg/5ml suspension', '5ml every 4 hours for fever', '', 0.00),
(17, 'Paracetamol', 'Panadene', '500mg tablet', '1 tab every 4 hours for fever', '', 0.00),
(18, 'Cefaclor ', 'Zyrcef', '250mg/5ml suspension', '5ml 3x a day for 7 days', '', 0.00),
(19, 'Cotrimoxazole', 'Cotribase', '200mg/40mg suspension', '5ml 2x a day for 7 days', '', 0.00),
(20, 'Phenylpropanolamine', 'Nazaclir', 'drops', '1.5 ml 3x a day for colds', '', 0.00),
(21, 'Phenylpropanolamine', 'Sneez', '12.5/4mg syrup', '5ml 3x a day for colds', '', 0.00),
(22, 'Phenylephrine', 'Cold Aid', '12.5/4mg syrup', '5ml 3x a day for colds', '', 0.00),
(23, 'Phenylephrine', 'Sinulif', '12.5/4mg syrup', '5ml 3x a day for colds', '', 0.00),
(24, 'Ciprofloxacin', 'Prozin', '500mg tablet', '1 tab 2x a day for 7 days', '', 0.00),
(25, 'Ciprofloxacin', 'Quinocip', '500mg tablet', '1 tab 2x a day for 7 days', '', 0.00),
(26, 'Cefuroxime', 'Rovix', '250mg/5ml suspension', '5ml 2x a day for 7 days', '', 0.00),
(27, 'Cefuroxime', 'Geoxime', '500mg tablet', '1 tab 2x a day for 7 days', '', 0.00),
(28, 'Co-Amoxiclav', 'Clovimax', '250mg/5ml suspension', '5ml 3x a day for 7 days', '', 0.00),
(29, 'Co-Amoxiclav', 'Clamoxx', '625mg tablet', '1 tab 2x a day for 7 days', '', 0.00),
(30, 'Metformin', 'Formet', '500mg tablet', '1tab 3x a day with meals', '', 0.00),
(31, 'Glimepiride', 'Glimetrol', '2mg tablet', '1 tab daily before breakfast', '', 0.00),
(32, 'Glimepiride', 'Glimetrol', '4mg tablet', '1 tab daily before breakfast', '', 0.00),
(33, 'Omeprazole', 'Omepracid', '20mg tablet', '1 tab 2x a day for 7 days (before meals)', '', 0.00),
(34, 'Omeprazole', 'Peptisolv', '20mg tablet', '1 tab 2x a day for 7 days', '', 0.00),
(35, 'Esomeprazole', 'Frazone 40', '40mg tablet', '1 tab daily for 7 days', '', 0.00),
(36, 'Hyoscine N Butylbromide', 'Cospan', '10mg tablet', '1 tab 3x a day for abdominal pain', '', 0.00),
(37, 'Hyoscine N Butylbromide', 'Hyscine', '5mg/5ml syrup', '5ml 3x a day for abdominal pain', '', 0.00),
(38, 'Tramadol', 'Unitral', '50mg capsule', '1 capsule 3x a day for pain', '', 0.00),
(39, 'Tramadol/Paracetamol', 'Cetradol', '37.5/325mg tab', '1tab 3x a day for pain', '', 0.00),
(40, 'Mefenamic Acid', 'Icelax', '500mg tablet', '1 capsule 3x a day for pain', '', 0.00),
(41, 'Mefenamic Acid', 'Analcid', '50mg/5ml syrup', '5ml 3x a day for pain', '', 0.00),
(42, 'Amlodipine ', 'Ambloc', '5mg tablet', '1 tab daily for high blood', '', 0.00),
(43, 'Amlodipine ', 'Ambloc', '10 mg tablet', '1 tablet daily for high blood', '', 0.00),
(44, 'Amlodipine ', 'Medipin', '5mg tablet', '1 tablet daily for high blood', '', 0.00),
(45, 'Amlodipine ', 'Lopivasc', '5mg tablet', '1 tablet daily for high blood', '', 0.00),
(46, 'Amlodipine ', 'Amlomed', '10mg tablet', '1 tablet daily for high blood', '', 0.00),
(47, 'Losartan', 'Vamzaar', '100mg tablet', '1 tablet daily', '', 0.00),
(48, 'Losartan/Hydrochlorothiazide', 'Duosar', '50/12.5mg tab', '1 tablet daily for high blood', '', 0.00),
(49, 'Roxithromycin', 'Ruthison', '300mg tablet', '1 tab daily for 7 days', '', 0.00),
(50, 'Celecoxib', 'Coxbitor', '200mg tablet', '1 tab daily for pain', '', 0.00),
(51, 'Celecoxib', 'Celence', '200mg tablet', '1 tab daily for pain', '', 0.00),
(52, 'Metronidazole', 'Jinzole', '500mg tablet', '1 tablet 3x a day for 7 days', '', 0.00),
(53, 'Calcium Carbonate', 'Calsimet', '750mg tablet', '1 tab daily', '', 0.00),
(54, 'Prednisone', 'Steerometz', '5mg tablet', '1 tab 3x a day', '', 0.00),
(55, 'Prednisone', 'Prednimed', '10mg tablet', '1 tab 3x a day', '', 0.00),
(56, 'Mebendazole', 'Hemilax', '100mg/5ml suspension', '5ml 2x a day for 3 days', '', 0.00),
(57, 'Co-Amoxiclav', 'Altovox', '250/62.5mg suspension', '5ml 3x a day for 7 days', '', 0.00),
(58, 'Ambroxol', 'Broloxin', '6mg/ml drops', '1ml 3x a day for cough', '', 0.00),
(59, 'Cloxacillin', 'Cloxakid', '250mg/5ml suspension', '5ml 4x a day for 7 days', '', 0.00),
(60, 'Al(OH)3/Mg(OH)', 'Alsium', '225/200/25mg susp', '5ml 4x a day for 7 days', '', 0.00),
(61, 'Al(OH)3/Simethicone', 'Semithine', '225/200/25mg susp', '5ml 4x a day for 7 days', '', 0.00),
(62, 'Zinc Oxide/Calamine', 'Calmoseptine', '2.5g sachet', 'Apply 2x a day', '', 0.00),
(63, 'Cloxacillin', 'Cyclox', '250mg/5ml suspension', '5ml 3x a day for 7 days', '', 0.00),
(64, 'Probiotic', 'Hexbio', '3g sachet', '1 sachet daily', '', 0.00),
(65, 'Oral Rehydration Salts', 'Glucost R', '2g sachet', 'mix 1 sachet in 100ml water', '', 0.00),
(66, 'Trimetazidine', 'Angirel', '20mg tablet', '1 tab 2x a day for chest pain', '', 0.00),
(67, 'Sildenafil', 'Isorec', '100mg tablet', '1 tab 1 hour before sexual activity', '', 0.00),
(68, 'Fenofibrate', 'Lipiduce', '300mg tablet', '1 tab daily at bedtime', '', 0.00),
(69, 'Metronidazole', 'Ametris', '125mg/5ml suspension', '5ml 3x a day for 7 days', '', 0.00),
(70, 'Cetirizine', 'Zyrrigin', '5mg/5ml syrup', '5ml 2x a day for 7 days', '', 0.00),
(71, 'Cetirizine', 'Medmin', '5mg/5ml syrup', '5ml 2x a day for 7 days', '', 0.00),
(72, 'Multivitamins+Buclizine', 'Buclivit', 'syrup', '5ml daily', '', 0.00),
(73, 'Loratadine', 'Lergicyl', '10mg tablet', '1 tab daily', '', 0.00),
(74, 'Multivitamins with lysine and taurine', 'Rejuvon kiddi', 'syrup', '5ml daily', '', 0.00),
(75, 'Multivitamins with lysine and taurine', 'Rejuvon kiddi', 'drops', '1ml daily', '', 0.00),
(76, 'Cotrimoxazole', 'Suprex forte', '800mg tablet', '1 tab 2x a day for 7 days', '', 0.00),
(77, 'Dextromethorphan/Guaifenesin', 'Mucotuss Forte', '10mh/50mg capsule', '1 cap 3x a day for cough', '', 0.00),
(78, 'Dextromethorphan/Phenylpropanolamine', 'Ac-nex', '15mg/10mg syrup', '5ml 3x a day for cough', '', 0.00),
(79, 'Nystatin', 'Bionyst', 'suspension', '2ml 4x a day', '', 0.00),
(80, 'Xylito', 'Xylogel', 'oral gel', 'Apply to gums as needed', '', 0.00),
(81, 'Ofloxacin', 'Oflobiz', '0.3% ophthalmic solution', '2 drops to each eye every 4 hours', '', 0.00),
(82, 'Sodium Chloride', 'Salinase', '0.65% nasal drops', '2-3 drops to each nostril as needed', '', 0.00),
(83, 'Multivitamins+Buclizine', 'Appetite plus', 'syrup', '5ml daily', '', 0.00),
(84, 'Vitamin B complex', 'Neurobase', '100mg/5mg/50mcg capsule', '1 cap daily', '', 0.00),
(85, 'Cloxacillin', 'Cloxal', '500mg capsule', '1 capsule 4x a day (every 6 hrs) for 7 days', '', 0.00),
(86, 'Meloxicam', 'Artricox', '15mg tablet', '1 tablet daily for pain', '', 0.00),
(87, 'Bromhexine', 'Bisoxine', '8mg tablet', '1 tab 3x a day for cough', '', 0.00),
(88, 'Doxycycline', 'Aldoxy', '100mg capsule', '1 capsule 2x a day for 7 days', '', 0.00),
(89, 'Tobramycin/Dexamethasone', 'Comdex', '3mg/1ml', '2 drops to both eyes every 4 hours', '', 0.00),
(90, 'Micronized flavonoid fraction', 'Daflon 500', '500 mg tab', '3 tabs 2x a day for 4 days then 2 tabs 2x a day fo', '', 0.00),
(91, 'Cinchocaine', 'Faktu', '20 gms rectal oint', 'apply 2x a day ', '', 0.00),
(92, 'Ursodeoxycholic acid', 'Ursofalk', '250 mg tab', '1 tab 2x a day', '', 0.00),
(93, 'Tranexamic acid', 'Hemotran', '500mg capsule', 'I capsule 3x a day for bleeding', '', 0.00),
(94, 'Ofloxacin', 'Dizoflox', 'eye drops', '2drops to right eye every 4 hours', '', 0.00),
(95, 'Vit B complex', 'Vitanerv', 'Tab', '1 tab daily', '', 0.00),
(96, 'Aciclovir', 'Zovirax', 'cream', 'apply 5 x a day', '', 0.00),
(97, 'Paracetamol', 'Tempra', '120mg/5ml susp', '6ml every 4 hours', '', 0.00),
(98, 'Aciclovir', 'Zovirax', '200mg tab', '1 tab 4x a day for 5 days', '', 0.00),
(99, 'Aciclovir', 'Zovirax', '400mg tab', '1 tab 4x a day for 5 days', '', 0.00),
(100, 'Aciclovir', 'Zovirax', '800mg tablet', '1 tab 5x a day for 7 days', '', 0.00),
(101, 'Cetirizine', 'H-One', '2.5/ml drops', '1 ml daily', '', 0.00),
(102, 'Phenylpropanolamine', 'Nasatapp', '15mg', '1 tab 3x a day for colds', '', 0.00),
(103, 'Clonidine', 'Catapres', '75 mcg', '1 tab under the tongue', '', 0.00),
(104, 'Clonidine', 'Catapres', '150 mcg', '1 tab under the tongue', '', 0.00),
(105, 'Simvastatin', 'Zolestat', '20 mg tab', '1 tab daily at bedtime', '', 0.00),
(106, 'Simvastatin', 'Simpex', '20 mg tab', '1 tab daily at bedtime', '', 0.00),
(107, 'Pinene/Camphene', 'Rowatinex', '31mg/15mg cap', '1 cap 3x a day', '', 0.00),
(108, 'K citrate', 'Acalka', 'tab', '1 tab 3x a day', '', 0.00),
(109, 'Aluminum (OH)3', 'Gelzid', '225/200', '5ml 4x a day for 7 days', '', 0.00),
(110, 'Cetirizine', 'Virzine', '10mg tab', '1 tab  daily x 7 days', '', 0.00),
(111, 'Rifampicin/Isoniazid/Pyrazinamide/Ethambutol', 'Myrin P Forte', 'tab', '3 tabs i hour before breakfast x 2 months', '', 0.00),
(112, 'Rifampicin/Isoniazid/Ethambutol', 'Myrin ', 'tab', '3 tabs 1 hour before breakfast x 6 months', '', 0.00),
(113, 'Lactic acid/Salicylic acid', 'Duofilm', 'Topical solution', 'Apply once daily', '', 0.00),
(114, 'Calamine/Diphenhydramine', 'Caladryl', 'lotion', 'Apply 3x a day', '', 0.00),
(115, 'permethrin', 'Kwell Reformulated', 'lotion', 'Apply once daily', '', 0.00),
(116, 'Miconazole', 'Fungtopic', 'cream', 'Apply 2x a day', '', 0.00);

-- --------------------------------------------------------

--
-- Table structure for table `patient`
--

CREATE TABLE IF NOT EXISTS `patient` (
  `id` bigint(20) NOT NULL AUTO_INCREMENT,
  `firstname` varchar(50) NOT NULL,
  `middlename` varchar(50) NOT NULL,
  `lastname` varchar(50) NOT NULL,
  `sex` char(1) NOT NULL,
  `birthdate` date NOT NULL,
  `address` text NOT NULL,
  `date_created` timestamp NOT NULL DEFAULT CURRENT_TIMESTAMP,
  `date_updated` timestamp NOT NULL DEFAULT '0000-00-00 00:00:00',
  PRIMARY KEY (`id`),
  UNIQUE KEY `fullname` (`firstname`,`middlename`,`lastname`)
) ENGINE=MyISAM  DEFAULT CHARSET=utf8 AUTO_INCREMENT=154 ;

--
-- Dumping data for table `patient`
--

INSERT INTO `patient` (`id`, `firstname`, `middlename`, `lastname`, `sex`, `birthdate`, `address`, `date_created`, `date_updated`) VALUES
(1, 'Renante', '', 'Entera', 'm', '1979-02-23', 'duljo', '2013-06-12 21:23:42', '0000-00-00 00:00:00'),
(2, 'Jackielou', '', 'Entera', 'f', '1982-03-30', 'Spolarium Street, Duljo-Fatima', '2013-06-12 21:56:38', '0000-00-00 00:00:00'),
(3, 'Fritzie', '', 'Lawas', 'f', '1975-04-05', 'Duljo', '2013-06-13 11:57:07', '2013-06-13 18:23:42'),
(4, 'Johanna Mae', '', 'Alcordo', 'f', '2010-10-29', 'C. Padilla Street', '2013-06-13 15:19:57', '0000-00-00 00:00:00'),
(5, 'Mark Ryan', '', 'Occo', 'm', '2008-03-24', 'Duljo Fatima', '2013-06-13 15:31:57', '0000-00-00 00:00:00'),
(6, 'Carlito', '', 'Guino', 'm', '1960-06-17', 'Alumnos', '2013-06-13 15:56:36', '0000-00-00 00:00:00'),
(7, 'Edgardo', '', 'Dinawanao', 'm', '1992-06-22', 'Duljo', '2013-06-13 16:06:04', '0000-00-00 00:00:00'),
(8, 'Josephine', '', 'Cabatino', 'f', '1968-09-13', 'Duljo', '2013-06-13 16:15:42', '0000-00-00 00:00:00'),
(9, 'Anselma', '', 'Amaca', 'f', '1964-04-21', 'Panganiban', '2013-06-13 16:29:50', '0000-00-00 00:00:00'),
(10, 'Clyde', '', 'Veraces', 'm', '2012-07-27', 'Spolarium street', '2013-06-13 16:38:06', '0000-00-00 00:00:00'),
(11, 'Sheena Mae', '', 'Carcueva', 'f', '2003-05-12', 'Spolarium street', '2013-06-13 16:45:37', '0000-00-00 00:00:00'),
(12, 'Nicolas', '', 'Abadilla', 'm', '1992-09-09', 'Spolarium street', '2013-06-13 17:18:43', '0000-00-00 00:00:00'),
(13, 'Maria Johanna', '', 'Cabije', 'f', '1989-08-21', 'Duljo Fatima', '2013-06-13 17:52:11', '0000-00-00 00:00:00'),
(14, 'Zyxell', '', 'Villahermosa', 'f', '2009-11-23', 'Duljo Fatima', '2013-06-13 18:00:34', '0000-00-00 00:00:00'),
(15, 'Gabriel', '', 'Aldave', 'm', '2013-05-08', 'C. Padilla street', '2013-06-13 18:42:19', '0000-00-00 00:00:00'),
(16, 'Fredrich Von', '', 'Buhi-on', 'm', '2004-01-23', 'B. Aranas Extension', '2013-06-13 18:57:02', '0000-00-00 00:00:00'),
(17, 'Niel Jr.', '', 'Rondina', 'm', '1998-01-05', 'Duljo Fatima', '2013-06-13 19:37:20', '0000-00-00 00:00:00'),
(18, 'Ashanti Rihanna', '', 'Eyas', 'm', '2012-01-11', '', '2013-06-13 19:51:25', '0000-00-00 00:00:00'),
(19, 'Mirasol', '', 'Misterio', 'f', '1971-06-16', 'Lilo-an', '2013-06-14 11:02:38', '0000-00-00 00:00:00'),
(20, 'Venus Danielle', '', 'Villafuerte', 'f', '2012-06-06', 'Duljo Fatima', '2013-06-14 15:02:02', '0000-00-00 00:00:00'),
(21, 'Renant Matthew', '', 'Flores', 'm', '2008-01-26', 'Duljo Fatima', '2013-06-14 15:24:12', '0000-00-00 00:00:00'),
(22, 'Rosario', '', 'Tepanero', 'f', '1958-02-28', 'Alaska Mambaling', '2013-06-14 15:41:33', '0000-00-00 00:00:00'),
(23, 'Girlie', '', 'Tepanero', 'f', '2007-04-01', 'Alaska Mambaling', '2013-06-14 15:50:44', '0000-00-00 00:00:00'),
(24, 'Lestern', '', 'Dakay', 'm', '2011-01-30', 'Alaska Mambaling', '2013-06-14 16:02:01', '0000-00-00 00:00:00'),
(25, 'Agapita', '', 'Cuevas', 'f', '1933-03-16', 'Alska Mambaling', '2013-06-14 16:12:21', '0000-00-00 00:00:00'),
(26, 'Amor', '', 'Lerado', 'f', '1976-04-09', 'Alaska Mambaling', '2013-06-14 16:42:22', '0000-00-00 00:00:00'),
(27, 'Ma. Diodeta', '', 'Estoce', 'f', '1966-11-11', 'Alaska Mambaling', '2013-06-14 16:53:23', '0000-00-00 00:00:00'),
(28, 'Norman Jr.', '', 'Rupita', 'm', '2012-11-16', 'C. Padilla street', '2013-06-14 17:11:58', '0000-00-00 00:00:00'),
(29, 'Rosalita', '', 'Madrigal', 'f', '1935-05-03', 'Spolarium street', '2013-06-14 17:22:23', '0000-00-00 00:00:00'),
(30, 'Aeron Jay', '', 'Po', 'm', '2013-01-30', 'Alaska Mambaling', '2013-06-14 17:31:21', '0000-00-00 00:00:00'),
(31, 'Renelda', '', 'Del Rosario', 'f', '1985-09-08', 'Alaska Mambaling', '2013-06-14 18:46:38', '0000-00-00 00:00:00'),
(32, 'Gloria', '', 'Diaz', 'f', '1944-07-09', 'Tupas street', '2013-06-14 19:08:50', '0000-00-00 00:00:00'),
(33, 'Catherine Anne', '', 'Abellana', 'f', '1992-08-05', 'Duljo Fatima', '2013-06-14 19:28:05', '0000-00-00 00:00:00'),
(34, 'Kent Anthony', '', 'Aparre', 'm', '2000-07-25', 'Duljo Fatima', '2013-06-14 19:34:43', '0000-00-00 00:00:00'),
(35, 'Aldwin', '', 'Felisario', 'm', '1992-12-14', 'Duljo', '2013-06-14 19:45:27', '0000-00-00 00:00:00'),
(36, 'Princess Coleen', '', 'Fat', 'f', '2012-02-17', 'Alaska Mambaling', '2013-06-14 19:46:13', '0000-00-00 00:00:00'),
(37, 'Mary Nicole', '', 'Ycong', 'f', '2008-09-09', 'Duljo Fatima', '2013-06-14 19:58:24', '0000-00-00 00:00:00'),
(38, 'Alvin', '', 'Jabel', 'm', '1995-01-25', 'Duljo Fatima', '2013-06-14 21:02:02', '0000-00-00 00:00:00'),
(39, 'Jhofe Queen', '', 'Ransan', 'f', '1997-07-02', 'Alaska Mambaling', '2013-06-14 21:04:40', '0000-00-00 00:00:00'),
(40, 'Edmund', '', 'Abellana', 'm', '1992-09-09', 'Duljo Fatima', '2013-06-14 21:06:47', '0000-00-00 00:00:00'),
(41, 'Mark Noreen', '', 'Manriquez', 'm', '2011-06-11', 'Sawang Calero', '2013-06-15 15:32:30', '0000-00-00 00:00:00'),
(42, 'Clyde', '', 'Manriquez', 'm', '2008-11-09', 'Sawang Calero', '2013-06-15 15:36:52', '0000-00-00 00:00:00'),
(43, 'Dexter', '', 'Paredes', 'm', '2009-10-09', 'Alska Mambaling', '2013-06-15 15:43:04', '0000-00-00 00:00:00'),
(44, 'Renjelyn', '', 'Ancajas', 'f', '2013-01-04', 'Lorega ', '2013-06-15 15:53:53', '0000-00-00 00:00:00'),
(45, 'Ren Mark', '', 'Ancajas', 'm', '2010-08-08', 'Lorega', '2013-06-15 15:54:32', '0000-00-00 00:00:00'),
(46, 'Cecil', '', 'Labajo', 'f', '1991-11-05', 'Sikatuna street', '2013-06-15 16:12:16', '0000-00-00 00:00:00'),
(47, 'Irisha Mae', '', 'Abadilla', 'f', '2013-03-02', 'Spolarium street', '2013-06-15 16:30:09', '0000-00-00 00:00:00'),
(48, 'Mark Anthony', '', 'Gaco', 'm', '1997-04-21', 'Alaska Mambaling', '2013-06-15 17:00:00', '0000-00-00 00:00:00'),
(49, 'Edji', '', 'Derama', 'm', '2008-08-30', 'Minglanilaa', '2013-06-15 17:43:27', '0000-00-00 00:00:00'),
(50, 'Felix', '', 'Gantalao', 'm', '1968-03-23', 'Alaska Mambaling', '2013-06-15 17:57:43', '0000-00-00 00:00:00'),
(51, 'Monica', '', 'Gadiana', 'f', '1933-01-13', 'C. Padilla street', '2013-06-15 18:48:31', '0000-00-00 00:00:00'),
(52, 'Clint', '', 'Flores', 'm', '2013-02-27', 'Alaska Mambaling', '2013-06-15 19:28:12', '0000-00-00 00:00:00'),
(53, 'Teresita', '', 'Siarot', 'm', '1967-10-16', 'Spolarium Street', '2013-06-15 19:39:24', '0000-00-00 00:00:00'),
(54, 'Glycien Lee', '', 'Manatad', 'f', '2011-01-11', 'Alaska Mambaling', '2013-06-17 10:57:32', '0000-00-00 00:00:00'),
(55, 'Alejandra Marjorie', '', 'Duaban', 'f', '2004-05-31', 'Spolarium street', '2013-06-17 11:36:39', '0000-00-00 00:00:00'),
(56, 'Ma. Jay Ann', '', 'Valentin', 'f', '2010-10-09', 'Talisay City', '2013-06-17 15:18:51', '0000-00-00 00:00:00'),
(57, 'Falkirk', '', 'Tacatani', 'm', '2006-10-13', 'Talisay City', '2013-06-17 15:19:36', '0000-00-00 00:00:00'),
(58, 'Kheyxian', '', 'Bauntad', 'f', '2011-02-04', 'Talisay City', '2013-06-17 15:20:22', '0000-00-00 00:00:00'),
(59, 'Lexie', '', 'Ruba', 'f', '2013-02-22', 'Alaska Mambaling', '2013-06-17 15:41:19', '0000-00-00 00:00:00'),
(60, 'Jun Gilmar', '', 'Inting', 'm', '1982-12-02', 'Alaska Mambaling', '2013-06-17 15:41:54', '0000-00-00 00:00:00'),
(61, 'Maricel', '', 'Bandino', 'f', '1993-08-02', 'Duljo Fatima', '2013-06-17 16:04:12', '0000-00-00 00:00:00'),
(62, 'Embersun', '', 'Montoya', 'm', '2012-09-26', 'Spolarium Street', '2013-06-17 16:31:29', '0000-00-00 00:00:00'),
(63, 'Princess Kyanna', '', 'Tan', 'f', '2012-09-09', 'Spolarium Street', '2013-06-17 18:15:43', '0000-00-00 00:00:00'),
(64, 'Irreka Diane', '', 'Lopez', 'f', '2012-09-18', '', '2013-06-17 18:32:37', '0000-00-00 00:00:00'),
(65, 'Jeliane', '', 'Rodriguez', 'f', '2012-12-14', 'Spolarium Street', '2013-06-17 19:01:29', '0000-00-00 00:00:00'),
(66, 'Annel', '', 'Cho', 'm', '2003-01-29', 'Alaska Mambaling', '2013-06-17 19:28:22', '0000-00-00 00:00:00'),
(67, 'Ma. Rizel', '', 'Estrella', 'f', '1996-10-12', 'Basak Pardo', '2013-06-18 10:53:11', '0000-00-00 00:00:00'),
(68, 'Juanito', '', 'Dugenio', 'm', '1957-10-27', 'Spolarium Street', '2013-06-18 11:41:45', '0000-00-00 00:00:00'),
(69, 'Janeth', '', 'Paccquiao', 'f', '1984-04-09', 'Alaska Mambaling', '2013-06-18 15:15:39', '0000-00-00 00:00:00'),
(70, 'Mark Vincent', '', 'Carillo', 'm', '2011-09-28', 'Duljo Fatima', '2013-06-18 15:32:34', '0000-00-00 00:00:00'),
(71, 'Kristine', '', 'Rapuela', 'f', '2012-12-10', 'Alaska Mambaling', '2013-06-18 15:42:07', '0000-00-00 00:00:00'),
(72, 'Karen Mae', '', 'Aniban', 'f', '2000-10-01', 'Spolarium Street', '2013-06-18 15:51:55', '0000-00-00 00:00:00'),
(73, 'Denver Christ', '', 'Pacaldo', 'm', '2006-11-25', 'Spolarium Street', '2013-06-18 16:03:59', '0000-00-00 00:00:00'),
(74, 'Narciso', '', 'Pacaldo', 'm', '1964-01-28', 'Spolarium Street', '2013-06-18 16:13:14', '0000-00-00 00:00:00'),
(75, 'Jomelyn', '', 'Rael', 'f', '2012-01-27', 'Alaska Mambaling', '2013-06-18 16:25:39', '0000-00-00 00:00:00'),
(76, 'Jeremy', '', 'Laranjo', 'm', '2012-02-16', 'Quiot Pardo', '2013-06-18 16:33:21', '0000-00-00 00:00:00'),
(77, 'Edilline', '', 'Estrada', 'f', '2007-10-31', 'Spolarium Street', '2013-06-18 17:25:47', '0000-00-00 00:00:00'),
(78, 'Sa単el', '', 'Malinao', 'm', '2011-10-09', 'C. Padilla Street', '2013-06-18 17:36:58', '0000-00-00 00:00:00'),
(79, 'DJ', '', 'Papa', 'm', '2010-08-15', 'Quiot Pardo', '2013-06-18 17:47:13', '0000-00-00 00:00:00'),
(80, 'Fritz Neo', '', 'A単osa', 'm', '2010-11-29', 'Alaska Mambaling', '2013-06-18 17:54:17', '0000-00-00 00:00:00'),
(81, 'Christine Mary', '', 'A単osa', 'f', '2012-11-26', 'Alaska Mambaling', '2013-06-18 17:54:59', '0000-00-00 00:00:00'),
(82, 'Sophia Ysabelle', '', 'Gonzales', 'f', '2010-08-13', 'Spolarium Street', '2013-06-19 12:03:15', '2013-06-19 12:10:51'),
(83, 'Randy', '', 'Pagusara', 'm', '1971-11-12', '', '2013-06-19 14:52:16', '0000-00-00 00:00:00'),
(84, 'Simon', '', 'Bucala', 'm', '2011-06-07', '', '2013-06-19 14:53:38', '0000-00-00 00:00:00'),
(85, 'Josephine', '', 'Sajot', 'm', '1964-03-12', '', '2013-06-19 14:55:22', '0000-00-00 00:00:00'),
(86, 'Rimarico', '', 'Gimongala', 'm', '1978-02-01', '', '2013-06-19 14:56:52', '0000-00-00 00:00:00'),
(87, 'Castor Troy', '', 'Padilla', 'm', '2012-06-30', '', '2013-06-19 14:57:52', '0000-00-00 00:00:00'),
(88, 'Bonifacio', '', 'Getizo', 'm', '1980-12-01', '', '2013-06-19 14:59:35', '0000-00-00 00:00:00'),
(89, 'Rihanna Jenny', '', 'Palapar', 'f', '2011-12-03', '', '2013-06-19 15:00:52', '0000-00-00 00:00:00'),
(90, 'Glemer Alexis', '', 'Prahinog', 'm', '2007-05-27', '', '2013-06-19 15:02:19', '0000-00-00 00:00:00'),
(91, 'Benedict Miguel', '', 'Perez', 'm', '2013-05-27', '', '2013-06-19 15:03:18', '0000-00-00 00:00:00'),
(92, 'Diosdada', '', 'Anoba', 'f', '1938-07-21', 'Alcoy', '2013-06-19 15:07:17', '0000-00-00 00:00:00'),
(93, 'Anthony', '', 'Batidor', 'm', '1990-01-14', 'Barili', '2013-06-19 15:28:45', '0000-00-00 00:00:00'),
(94, 'Nilda', '', 'Domin', 'f', '1972-10-10', 'Alaska Mambaling', '2013-06-19 15:58:41', '0000-00-00 00:00:00'),
(95, 'Teresa', '', 'Sable', 'f', '1957-10-15', 'Spolarium Street', '2013-06-19 16:08:28', '0000-00-00 00:00:00'),
(96, 'Audrain Lloyd', '', 'Singson', 'm', '2013-05-26', 'Alaska Mambaling', '2013-06-19 16:18:30', '0000-00-00 00:00:00'),
(97, 'Mariz Stella', '', 'Cedeno', 'f', '1982-12-20', 'C. Padilla Street', '2013-06-19 16:32:40', '0000-00-00 00:00:00'),
(98, 'Ofelia', '', 'Carvajal', 'f', '1953-04-01', 'Bulacao', '2013-06-19 16:41:34', '0000-00-00 00:00:00'),
(99, 'Hannah Zane', '', 'Tiu', 'f', '2011-06-28', 'Spolarium Street', '2013-06-19 17:02:29', '0000-00-00 00:00:00'),
(100, 'Kinchie', '', 'Englatera', 'm', '2012-09-21', 'Alaska Mambaling', '2013-06-19 17:29:18', '0000-00-00 00:00:00'),
(101, 'Drael Sairus', '', 'Platero', 'm', '2012-01-11', 'Alaska Mambaling', '2013-06-19 18:11:49', '0000-00-00 00:00:00'),
(102, 'Edrie', '', 'Cogal', 'm', '1986-03-06', 'Alaska Mambaling', '2013-06-19 18:24:24', '0000-00-00 00:00:00'),
(103, 'Lito Jr.', '', 'Balbon', 'm', '2005-06-07', 'Duljo Fatima', '2013-06-19 18:31:42', '0000-00-00 00:00:00'),
(104, 'Kierby', '', 'Betinol', 'm', '2010-03-08', 'Duljo Fatima', '2013-06-19 19:02:00', '0000-00-00 00:00:00'),
(105, 'Mary Joy', '', 'Espiritu', 'f', '2012-07-26', 'Alaska Mambaling', '2013-06-19 19:12:28', '0000-00-00 00:00:00'),
(106, 'Magdalena', '', 'Gadiano', 'f', '1952-05-28', 'Spoliarium Street', '2013-06-19 19:21:50', '0000-00-00 00:00:00'),
(107, 'Paquita', '', 'Cecilio', 'f', '1951-05-18', 'Spolarium Street', '2013-06-20 15:02:36', '0000-00-00 00:00:00'),
(108, 'Rosendo', '', 'Abellana', 'm', '1954-10-05', 'Spolarium Street', '2013-06-20 15:16:53', '0000-00-00 00:00:00'),
(109, 'Melton', '', 'Uy', 'm', '1958-09-11', 'Tupas street', '2013-06-20 15:29:44', '0000-00-00 00:00:00'),
(110, 'Diomedes', '', 'Canete', 'm', '1942-09-02', 'C. Padilaa Street', '2013-06-20 15:56:47', '0000-00-00 00:00:00'),
(111, 'Akina Seiko', '', 'Valentin', 'f', '1989-09-27', 'Talisay City', '2013-06-20 16:07:41', '0000-00-00 00:00:00'),
(112, 'Rhije', '', 'Delos Santos', 'm', '2012-09-06', 'Alaska Mambaling', '2013-06-20 16:19:26', '0000-00-00 00:00:00'),
(113, 'Joshua', '', 'Ngoho', 'm', '2012-06-30', 'Spolarium Street', '2013-06-20 17:28:27', '0000-00-00 00:00:00'),
(114, 'Lebron Kent', '', 'Requieron', 'm', '2007-02-23', 'Minglanilla', '2013-06-20 17:52:53', '0000-00-00 00:00:00'),
(115, 'Jeffreson', '', 'Ferolino', 'm', '2002-08-13', 'Spolarium Street', '2013-06-20 18:41:52', '0000-00-00 00:00:00'),
(116, 'Stephen', '', 'Adolfo', 'm', '2004-10-11', 'Spolarium Street', '2013-06-20 18:47:50', '0000-00-00 00:00:00'),
(117, 'Zee Shan Jacob', '', 'Godofredo', 'm', '2012-09-09', 'Spolarium Street', '2013-06-20 18:58:16', '0000-00-00 00:00:00'),
(118, 'Elbin', '', 'Sajot', 'm', '1989-06-12', 'Spolarium Street', '2013-06-20 19:13:15', '0000-00-00 00:00:00'),
(119, 'Romeo', '', 'Ramas', 'm', '1957-09-17', 'Spolarium Street', '2013-06-20 19:27:58', '0000-00-00 00:00:00'),
(120, 'Melodina', '', 'Gimongala', 'f', '1967-03-30', 'Spolarium Street', '2013-06-20 20:01:27', '0000-00-00 00:00:00'),
(121, 'Naome Dorothy', '', 'Devela', 'f', '2013-01-23', 'Spolarium Street', '2013-06-20 20:11:58', '0000-00-00 00:00:00'),
(122, 'Dulcesima', '', 'Abelgas', 'f', '1949-06-20', 'Spolarium Street', '2013-06-20 20:20:38', '0000-00-00 00:00:00'),
(123, 'Samuel Jr.', '', 'Gingoyon', 'm', '1967-12-08', 'Spolarium Street', '2013-06-20 20:35:21', '0000-00-00 00:00:00'),
(124, 'Pauleen', '', 'Caballero', 'f', '2009-02-04', 'Spolarium Street', '2013-06-20 20:44:05', '0000-00-00 00:00:00'),
(125, 'James Ray', '', 'Melgar', 'm', '2012-03-22', 'Spolarium Street', '2013-06-20 20:51:46', '0000-00-00 00:00:00'),
(126, 'Regie', '', 'Alsong', 'm', '2006-02-22', 'Spolarium Street', '2013-06-21 15:53:28', '0000-00-00 00:00:00'),
(127, 'Ruby Mae', '', 'Bardon', 'f', '2013-05-15', 'C. Padilla Street', '2013-06-21 16:49:40', '0000-00-00 00:00:00'),
(128, 'Khalil Calix Zander', '', 'Celocia', 'm', '2011-10-14', 'Spolarium Street', '2013-06-21 17:07:54', '0000-00-00 00:00:00'),
(129, 'Yanna Jane', '', 'Genodepa', 'f', '2008-09-14', 'C. Padilla Street', '2013-06-21 17:24:05', '0000-00-00 00:00:00'),
(130, 'Bryan', '', 'Plarisan', 'm', '2000-12-22', 'Spolarium street', '2013-06-21 18:07:40', '0000-00-00 00:00:00'),
(131, 'Alimar Gabriel', '', 'Duaban', 'm', '2007-10-07', 'Spolarium Street', '2013-06-21 18:11:05', '0000-00-00 00:00:00'),
(132, 'Rose-Marie', '', 'Pojas', 'f', '1992-09-08', 'Spolarium street', '2013-06-21 18:29:40', '0000-00-00 00:00:00'),
(133, 'Ana Rose', '', 'Gonzales', 'f', '1990-08-19', 'Spolarium Street', '2013-06-21 18:39:11', '0000-00-00 00:00:00'),
(134, 'Isidro Jr.', '', 'Aguelo', 'm', '1962-01-22', 'Spolarium Street', '2013-06-21 19:10:00', '0000-00-00 00:00:00'),
(135, 'Clarisse Joan', '', 'Toring', 'f', '2010-11-09', 'Spolarium Street', '2013-06-21 19:18:32', '0000-00-00 00:00:00'),
(136, 'Mike Lourence', '', 'Ca単ete', 'm', '2002-08-08', 'Spolarium Street', '2013-06-21 19:33:08', '0000-00-00 00:00:00'),
(137, 'Lyndel', '', 'Caliao', 'f', '1994-12-09', 'Alumnos', '2013-06-21 19:48:27', '0000-00-00 00:00:00'),
(138, 'May Ann', '', 'Conde', 'f', '2009-05-14', 'Spolarium Street', '2013-06-22 14:41:28', '0000-00-00 00:00:00'),
(139, 'Chloe Cassandra', '', 'Avila', 'f', '2011-03-30', 'Suba Pasil', '2013-06-22 15:02:57', '0000-00-00 00:00:00'),
(140, 'Vince Cloe', '', 'Sardido', 'm', '2002-02-03', 'Alaska Mambaling', '2013-06-22 15:23:17', '0000-00-00 00:00:00'),
(141, 'Aurelio Royce', '', 'Comedero', 'm', '1996-05-10', 'Spolarium Street', '2013-06-22 15:33:22', '0000-00-00 00:00:00'),
(142, 'Edner', '', 'Gimongala', 'm', '2013-05-16', 'Spolarium Street', '2013-06-22 15:48:59', '0000-00-00 00:00:00'),
(143, 'Romilyn Adiana', '', 'Cabaluna', 'f', '2010-07-03', 'Bohol Village', '2013-06-22 17:03:03', '0000-00-00 00:00:00'),
(144, 'Avelina', '', 'Granada', 'f', '1955-10-11', 'Daanbantayan', '2013-06-22 17:17:05', '0000-00-00 00:00:00'),
(145, 'Elisha Kaye', '', 'Plasencia', 'f', '2007-09-13', 'Spolarium Street', '2013-06-22 17:38:46', '0000-00-00 00:00:00'),
(146, 'Rhianna Mae', '', 'Carreon', 'f', '2012-04-18', 'Spolarium Street', '2013-06-22 18:01:03', '0000-00-00 00:00:00'),
(147, 'Lilac', '', 'Despi', 'f', '2012-01-10', 'Tabunoc Talisay City', '2013-06-22 18:09:40', '0000-00-00 00:00:00'),
(148, 'Alexander', '', 'Duaban', 'm', '2011-08-18', 'Spolarium Street', '2013-06-22 18:20:49', '0000-00-00 00:00:00'),
(149, 'Filipinas', '', 'Mendoza', 'f', '1945-04-16', 'Spolarium Street', '2013-06-22 18:26:39', '0000-00-00 00:00:00'),
(150, 'Julie Ann', '', 'Tirol', 'f', '1981-07-16', 'Spolarium Street', '2013-06-22 18:35:26', '0000-00-00 00:00:00'),
(151, 'Ma. Luisa', '', 'Delposo', 'f', '1995-11-30', 'Spolarium Street', '2013-06-22 18:48:34', '0000-00-00 00:00:00'),
(152, 'Nilda', '', 'Encorporado', 'f', '1962-11-20', 'Figueroa Street', '2013-06-22 19:01:40', '0000-00-00 00:00:00'),
(153, 'Rosalinda', '', 'Tek-ing', 'f', '1986-01-24', 'Spolarium Street', '2013-06-22 19:14:16', '0000-00-00 00:00:00');

-- --------------------------------------------------------

--
-- Table structure for table `patient_details`
--

CREATE TABLE IF NOT EXISTS `patient_details` (
  `id` bigint(20) NOT NULL AUTO_INCREMENT,
  `patient_id` bigint(20) NOT NULL,
  `date_visit` date NOT NULL,
  `time_visit` time NOT NULL,
  `age` int(11) NOT NULL,
  `weight` varchar(25) NOT NULL,
  PRIMARY KEY (`id`)
) ENGINE=MyISAM  DEFAULT CHARSET=utf8 AUTO_INCREMENT=158 ;

--
-- Dumping data for table `patient_details`
--

INSERT INTO `patient_details` (`id`, `patient_id`, `date_visit`, `time_visit`, `age`, `weight`) VALUES
(1, 1, '2013-06-12', '21:23:47', 34, ''),
(2, 2, '2013-06-12', '21:56:40', 31, ''),
(3, 3, '2013-06-13', '11:57:24', 38, ''),
(4, 4, '2013-06-13', '15:20:02', 2, ''),
(5, 4, '2013-06-13', '15:21:28', 2, ''),
(6, 4, '2013-06-13', '15:23:30', 2, ''),
(7, 4, '2013-06-13', '15:25:27', 2, ''),
(8, 5, '2013-06-13', '15:32:02', 5, ''),
(9, 6, '2013-06-13', '15:56:43', 52, ''),
(10, 7, '2013-06-13', '16:06:07', 20, ''),
(11, 8, '2013-06-13', '16:15:44', 44, ''),
(12, 8, '2013-06-13', '16:20:25', 44, ''),
(13, 9, '2013-06-13', '16:29:56', 49, ''),
(14, 10, '2013-06-13', '16:38:08', 0, ''),
(15, 11, '2013-06-13', '16:45:41', 10, ''),
(16, 12, '2013-06-13', '17:18:46', 20, ''),
(17, 13, '2013-06-13', '17:52:15', 23, ''),
(18, 14, '2013-06-13', '18:00:36', 3, ''),
(19, 15, '2013-06-13', '18:42:21', 0, ''),
(20, 16, '2013-06-13', '18:57:04', 9, ''),
(21, 17, '2013-06-13', '19:37:23', 15, ''),
(22, 18, '2013-06-13', '19:51:27', 1, ''),
(23, 19, '2013-06-14', '11:02:41', 41, ''),
(24, 20, '2013-06-14', '15:02:06', 1, ''),
(25, 22, '2013-06-14', '15:41:36', 55, ''),
(26, 23, '2013-06-14', '15:50:46', 6, ''),
(27, 24, '2013-06-14', '16:02:03', 2, ''),
(28, 25, '2013-06-14', '16:12:23', 80, ''),
(29, 26, '2013-06-14', '16:49:00', 37, ''),
(30, 27, '2013-06-14', '16:57:10', 46, ''),
(31, 28, '2013-06-14', '17:18:00', 0, ''),
(32, 29, '2013-06-14', '17:22:27', 78, ''),
(33, 30, '2013-06-14', '17:31:23', 0, ''),
(34, 31, '2013-06-14', '18:46:40', 27, ''),
(35, 32, '2013-06-14', '19:16:29', 68, ''),
(36, 33, '2013-06-14', '19:30:46', 20, ''),
(37, 34, '2013-06-14', '19:34:45', 12, ''),
(38, 36, '2013-06-14', '19:50:49', 1, ''),
(39, 37, '2013-06-14', '21:00:26', 4, ''),
(40, 38, '2013-06-14', '21:02:06', 18, ''),
(41, 39, '2013-06-14', '21:04:46', 15, ''),
(42, 40, '2013-06-14', '21:06:49', 20, ''),
(43, 41, '2013-06-15', '15:32:35', 2, ''),
(44, 42, '2013-06-15', '15:36:55', 4, ''),
(45, 43, '2013-06-15', '15:43:07', 3, ''),
(46, 44, '2013-06-15', '16:00:41', 0, ''),
(47, 45, '2013-06-15', '16:05:53', 2, ''),
(48, 46, '2013-06-15', '16:12:20', 21, ''),
(49, 8, '2013-06-15', '16:26:01', 44, ''),
(50, 47, '2013-06-15', '16:30:11', 0, ''),
(51, 48, '2013-06-15', '17:00:07', 16, ''),
(52, 49, '2013-06-15', '17:43:30', 4, ''),
(53, 50, '2013-06-15', '17:57:45', 45, ''),
(54, 51, '2013-06-15', '18:48:34', 80, ''),
(55, 52, '2013-06-15', '19:28:14', 0, ''),
(56, 53, '2013-06-15', '19:39:26', 45, ''),
(57, 54, '2013-06-17', '10:57:34', 2, ''),
(58, 55, '2013-06-17', '11:36:41', 9, ''),
(59, 56, '2013-06-17', '15:20:28', 2, ''),
(60, 58, '2013-06-17', '15:26:59', 2, ''),
(61, 57, '2013-06-17', '15:30:40', 6, ''),
(62, 59, '2013-06-17', '15:42:00', 0, ''),
(63, 60, '2013-06-17', '15:49:02', 30, ''),
(64, 61, '2013-06-17', '16:04:20', 19, ''),
(65, 62, '2013-06-17', '16:31:31', 0, ''),
(66, 63, '2013-06-17', '18:15:45', 0, ''),
(67, 64, '2013-06-17', '18:32:39', 0, ''),
(68, 65, '2013-06-17', '19:01:30', 0, ''),
(69, 66, '2013-06-17', '19:28:23', 10, ''),
(70, 67, '2013-06-18', '10:53:13', 16, ''),
(71, 41, '2013-06-18', '11:08:30', 2, ''),
(72, 68, '2013-06-18', '11:41:47', 55, ''),
(73, 69, '2013-06-18', '15:15:41', 29, ''),
(74, 70, '2013-06-18', '15:32:39', 1, ''),
(75, 71, '2013-06-18', '15:42:09', 0, ''),
(76, 72, '2013-06-18', '15:51:57', 12, ''),
(77, 73, '2013-06-18', '16:04:02', 6, ''),
(78, 74, '2013-06-18', '16:13:16', 49, ''),
(79, 75, '2013-06-18', '16:26:00', 1, ''),
(80, 76, '2013-06-18', '16:33:23', 1, ''),
(81, 77, '2013-06-18', '17:25:50', 5, ''),
(82, 78, '2013-06-18', '17:36:59', 1, ''),
(83, 78, '2013-06-18', '17:43:34', 1, ''),
(84, 79, '2013-06-18', '17:47:14', 2, ''),
(85, 80, '2013-06-18', '17:55:07', 2, ''),
(86, 78, '2013-06-18', '23:00:27', 1, ''),
(87, 82, '2013-06-19', '12:03:25', 2, ''),
(88, 83, '2013-06-19', '14:52:24', 41, ''),
(89, 84, '2013-06-19', '14:53:41', 2, ''),
(90, 85, '2013-06-19', '14:55:24', 49, ''),
(91, 86, '2013-06-19', '14:56:58', 35, ''),
(92, 87, '2013-06-19', '14:57:55', 0, ''),
(93, 88, '2013-06-19', '14:59:38', 32, ''),
(94, 89, '2013-06-19', '15:00:54', 1, ''),
(95, 90, '2013-06-19', '15:02:21', 6, ''),
(96, 91, '2013-06-19', '15:03:20', 0, ''),
(97, 93, '2013-06-19', '15:28:47', 23, ''),
(98, 94, '2013-06-19', '15:58:43', 40, ''),
(99, 95, '2013-06-19', '16:08:32', 55, ''),
(100, 96, '2013-06-19', '16:18:31', 0, ''),
(101, 97, '2013-06-19', '16:32:43', 30, ''),
(102, 98, '2013-06-19', '16:41:36', 60, ''),
(103, 99, '2013-06-19', '17:02:31', 1, ''),
(104, 100, '2013-06-19', '17:29:20', 0, ''),
(105, 101, '2013-06-19', '18:15:44', 1, ''),
(106, 102, '2013-06-19', '18:24:26', 27, ''),
(107, 103, '2013-06-19', '18:31:44', 8, ''),
(108, 104, '2013-06-19', '19:02:01', 3, ''),
(109, 105, '2013-06-19', '19:12:30', 0, ''),
(110, 106, '2013-06-19', '19:21:52', 61, ''),
(111, 107, '2013-06-20', '15:11:22', 62, ''),
(112, 108, '2013-06-20', '15:16:55', 58, ''),
(113, 109, '2013-06-20', '15:29:46', 54, ''),
(114, 110, '2013-06-20', '15:56:48', 70, ''),
(115, 111, '2013-06-20', '16:07:44', 23, ''),
(116, 112, '2013-06-20', '16:19:28', 0, ''),
(117, 113, '2013-06-20', '17:28:30', 0, ''),
(118, 114, '2013-06-20', '17:52:57', 6, ''),
(119, 115, '2013-06-20', '18:41:54', 10, ''),
(120, 116, '2013-06-20', '18:50:10', 8, ''),
(121, 117, '2013-06-20', '18:58:18', 0, ''),
(122, 118, '2013-06-20', '19:13:18', 24, ''),
(123, 119, '2013-06-20', '19:28:00', 55, ''),
(124, 120, '2013-06-20', '20:01:30', 46, ''),
(125, 121, '2013-06-20', '20:12:00', 0, ''),
(126, 122, '2013-06-20', '20:20:41', 64, ''),
(127, 123, '2013-06-20', '20:39:18', 45, ''),
(128, 124, '2013-06-20', '20:44:07', 4, ''),
(129, 125, '2013-06-20', '20:51:49', 1, ''),
(130, 126, '2013-06-21', '16:02:05', 7, ''),
(131, 127, '2013-06-21', '16:49:47', 0, ''),
(132, 128, '2013-06-21', '17:08:11', 1, ''),
(133, 129, '2013-06-21', '17:24:07', 4, ''),
(134, 130, '2013-06-21', '18:07:42', 12, ''),
(135, 131, '2013-06-21', '18:11:09', 5, ''),
(136, 132, '2013-06-21', '18:29:41', 20, ''),
(137, 133, '2013-06-21', '18:39:13', 22, ''),
(138, 134, '2013-06-21', '19:10:02', 51, ''),
(139, 135, '2013-06-21', '19:18:35', 2, ''),
(140, 136, '2013-06-21', '19:33:10', 10, ''),
(141, 137, '2013-06-21', '19:48:29', 18, ''),
(142, 138, '2013-06-22', '14:46:10', 4, ''),
(143, 139, '2013-06-22', '15:02:59', 2, ''),
(144, 140, '2013-06-22', '15:23:19', 11, ''),
(145, 141, '2013-06-22', '15:33:30', 17, ''),
(146, 142, '2013-06-22', '15:49:01', 0, ''),
(147, 143, '2013-06-22', '17:03:05', 2, ''),
(148, 144, '2013-06-22', '17:27:44', 57, ''),
(149, 145, '2013-06-22', '17:38:48', 5, ''),
(150, 146, '2013-06-22', '18:01:05', 1, ''),
(151, 147, '2013-06-22', '18:09:42', 1, ''),
(152, 148, '2013-06-22', '18:20:51', 1, ''),
(153, 149, '2013-06-22', '18:26:41', 68, ''),
(154, 150, '2013-06-22', '18:35:28', 31, ''),
(155, 151, '2013-06-22', '18:48:35', 17, ''),
(156, 152, '2013-06-22', '19:05:05', 50, ''),
(157, 153, '2013-06-22', '19:14:17', 27, '');

-- --------------------------------------------------------

--
-- Table structure for table `patient_medicine`
--

CREATE TABLE IF NOT EXISTS `patient_medicine` (
  `id` bigint(20) NOT NULL AUTO_INCREMENT,
  `patient_detail_id` bigint(20) NOT NULL,
  `medicine_id` bigint(20) NOT NULL,
  `preparation` varchar(50) NOT NULL,
  `dosage` varchar(50) NOT NULL,
  `pcs` int(11) NOT NULL,
  PRIMARY KEY (`id`)
) ENGINE=MyISAM  DEFAULT CHARSET=utf8 AUTO_INCREMENT=389 ;

--
-- Dumping data for table `patient_medicine`
--

INSERT INTO `patient_medicine` (`id`, `patient_detail_id`, `medicine_id`, `preparation`, `dosage`, `pcs`) VALUES
(1, 1, 3, '1mg/50mg/5ml syrup', '5ml 3x a day for cough', 1),
(2, 1, 18, '250mg/5ml suspension', '5ml 3x a day for 7 days', 1),
(3, 1, 14, '250mg/5ml suspension', '5ml 3x a day for 7 days', 1),
(4, 2, 9, '100mg/1ml drops', '1.5 ml 3x a day for 7 days', 1),
(5, 2, 14, '250mg/5ml suspension', '5ml 3x a day for 7 days', 1),
(6, 2, 18, '250mg/5ml suspension', '5ml 3x a day for 7 days', 1),
(7, 2, 72, 'syrup', '5ml daily', 1),
(8, 3, 24, '500mg tablet', '1 tab 2x a day for 7 days', 1),
(9, 3, 40, '500mg tablet', '1 capsule 3x a day for pain', 21),
(10, 4, 18, '250mg/5ml suspension', '3ml 3x a day for 7 days', 1),
(11, 5, 18, '250mg/5ml suspension', '3ml 3x a day for 7 days', 1),
(12, 6, 18, '250mg/5ml suspension', '3ml 3x a day for 7 days', 1),
(13, 7, 18, '250mg/5ml suspension', '3ml 3x a day for 7 days', 1),
(14, 7, 3, '1mg/50mg/5ml syrup', '5ml 3x a day for cough', 1),
(15, 7, 21, '12.5/4mg syrup', '4ml 3x a day for colds', 1),
(16, 8, 11, '250mg/5ml suspension', '7.5ml 3x a day for 7 days', 1),
(17, 8, 1, '2mg/5ml suspension', '7.5ml 3x a day for cough', 1),
(18, 8, 23, '12.5/4mg syrup', '5ml 3x a day for colds', 1),
(19, 8, 16, '250mg/5ml suspension', '6ml every 4 hours for fever', 1),
(20, 9, 45, '5mg tablet', '1 tablet daily', 1),
(21, 10, 24, '500mg tablet', '1 tab 2x a day for 7 days', 14),
(22, 10, 40, '500mg tablet', '1 capsule 3x a day for pain', 15),
(23, 11, 46, '10mg tablet', '1 tablet daily', 100),
(24, 12, 12, '500mg capsule', '1 capsule 3x a day for 7 days', 21),
(25, 13, 73, '10mg tablet', '1 tab daily', 7),
(26, 14, 61, '225/200/25mg suspension', '5ml 4x a day for 7 days', 1),
(27, 14, 65, '2g sachet', 'mix 1 sachet in 100ml water', 10),
(28, 15, 61, '225/200/25mg suspension', '10ml 4x a day for 7 days', 1),
(29, 16, 25, '500mg tablet', '1 tab 2x a day for 7 days', 14),
(30, 16, 40, '500mg tablet', '1 capsule 3x a day for pain', 15),
(31, 16, 17, '500mg tablet', '1 tab every 4 hours for fever', 15),
(32, 17, 12, '500mg capsule', '1 capsule 3x a day for 7 days', 21),
(33, 17, 40, '500mg tablet', '1 capsule 3x a day for pain', 15),
(34, 18, 19, '200mg/40mg suspension', '6ml 2x a day for 7 days', 1),
(35, 18, 16, '250mg/5ml suspension', '5ml every 4 hours for fever', 1),
(36, 19, 58, '6mg/ml drops', '0.5ml 3x a day ', 1),
(37, 19, 13, '100mg/1ml drops', '1ml 3x a day for 7 days', 1),
(38, 20, 12, '500mg capsule', '1 capsule 3x a day for 7 days', 21),
(39, 21, 40, '500mg tablet', '1 capsule 3x a day for pain', 21),
(40, 22, 18, '250mg/5ml suspension', '2.6ml 3x a day for 7 days', 1),
(41, 22, 62, '2.5g sachet', 'Apply 2x a day', 1),
(42, 23, 45, '5mg tablet', '1 tablet daily', 100),
(43, 23, 39, '37.5/325mg tab', '1tab 3x a day for pain', 15),
(44, 24, 18, '250mg/5ml suspension', '2.5ml 3x a day for 7 days', 1),
(45, 24, 1, '2mg/5ml suspension', '4ml 3x a day for cough', 1),
(46, 24, 23, '12.5/4mg syrup', '3ml 3x a day for colds', 1),
(47, 24, 7, 'nebule', 'nebulize 3x a day', 1),
(48, 24, 15, '100mg/1ml drops', '1.5ml every 4 hours for fever', 1),
(49, 25, 5, '2mg/tab ', '1 tab 3x a day for cough', 21),
(50, 25, 12, '500mg capsule', '1 capsule 3x a day for 7 days', 21),
(51, 26, 1, '2mg/5ml suspension', '6ml 3x a day for cough', 1),
(52, 26, 18, '250mg/5ml suspension', '4ml 3x a day for 7 days', 1),
(53, 26, 23, '12.5/4mg syrup', '5ml 3x a day for colds', 1),
(54, 26, 16, '250mg/5ml suspension', '5ml every 4 hours for fever', 1),
(55, 27, 3, '1mg/50mg/5ml syrup', '4ml 3x a day for cough', 1),
(56, 27, 19, '200mg/40mg suspension', '5ml 2x a day for 7 days', 1),
(57, 27, 23, '12.5/4mg syrup', '3ml 3x a day for colds', 1),
(58, 27, 56, '100mg/5ml suspension', '5ml 2x a day for 3 days', 1),
(59, 27, 72, 'syrup', '5ml daily', 1),
(60, 28, 25, '500mg tablet', '1 tab 2x a day for 7 days', 14),
(61, 28, 5, '2mg/tab ', '1 tab 3x a day for cough', 21),
(62, 28, 7, 'nebule', 'nebulize 3x a day', 10),
(63, 28, 46, '10mg tablet', '1 tablet daily', 100),
(64, 29, 93, '500mg capsule', 'I capsule 3x a day for bleeding', 21),
(65, 30, 5, '2mg/tab ', '1 tab 3x a day for cough', 21),
(66, 30, 25, '500mg tablet', '1 tab 2x a day for 7 days', 14),
(67, 30, 17, '500mg tablet', '1 tab every 4 hours for fever', 18),
(68, 31, 94, 'eye drops', '2drops to right eye every 4 hours', 1),
(69, 31, 1, '2mg/5ml suspension', '4ml 3x a day for cough', 1),
(70, 31, 20, 'drops', '1.5 ml 3x a day for colds', 1),
(71, 32, 46, '10mg tablet', '1 tablet daily', 100),
(72, 32, 6, '2mg/tab ', '1 tab 3x a day for cough', 21),
(73, 32, 12, '500mg capsule', '1 capsule 3x a day for 7 days', 21),
(74, 32, 7, 'nebule', 'nebulize 3x a day', 10),
(75, 33, 20, 'drops', '0.9 ml 3x a day for colds', 1),
(76, 33, 58, '6mg/ml drops', '0.6ml 3x a day ', 1),
(77, 33, 19, '200mg/40mg suspension', '2ml 2x a day for 7 days', 1),
(78, 33, 15, '100mg/1ml drops', '0.9ml every 4 hours for fever', 1),
(79, 34, 17, '500mg tablet', '1 tab every 4 hours for fever', 18),
(80, 34, 87, '8mg tablet', '1 tab 3x a day for cough', 21),
(81, 34, 25, '500mg tablet', '1 tab 2x a day for 7 days', 14),
(82, 34, 39, '37.5/325mg tab', '1tab 3x a day for pain', 15),
(83, 35, 95, 'Tab', '1 tab daily', 30),
(84, 35, 86, '15mg tablet', '1 tablet daily for pain', 15),
(85, 36, 85, '500mg capsule', '1 capsule 4x a day (every 6 hrs) for 7 days', 28),
(86, 36, 96, 'cream', 'apply 5 x a day', 1),
(87, 37, 12, '500mg capsule', '1 capsule 3x a day for 7 days', 21),
(88, 37, 40, '500mg tablet', '1 capsule 3x a day for pain', 15),
(89, 38, 28, '250mg/5ml suspension', '4ml 3x a day for 7 days', 2),
(90, 38, 1, '2mg/5ml suspension', '4ml 3x a day for cough', 1),
(91, 38, 23, '12.5/4mg syrup', '3ml 3x a day for colds', 1),
(92, 38, 97, '120mg/5ml susp', '6ml every 4 hours', 1),
(93, 39, 98, '200mg tab', '1 tab 4x a day for 5 days', 1),
(94, 39, 16, '250mg/5ml suspension', '5ml every 4 hours for fever', 1),
(95, 39, 71, '5mg/5ml syrup', '2.5ml 2x a day for 7 days', 1),
(96, 40, 25, '500mg tablet', '1 tab 2x a day for 7 days', 14),
(97, 40, 40, '500mg tablet', '1 capsule 3x a day for pain', 15),
(98, 41, 24, '500mg tablet', '1 tab 2x a day for 7 days', 1),
(99, 41, 36, '10mg tablet', '1 tab 3x a day for abdominal pain', 1),
(100, 42, 24, '500mg tablet', '1 tab 2x a day for 7 days', 1),
(101, 42, 88, '100mg capsule', '1 capsule 2x a day for 7 days', 1),
(102, 43, 14, '250mg/5ml suspension', '5ml 3x a day for 7 days', 1),
(103, 43, 1, '2mg/5ml suspension', '5ml 3x a day for cough', 1),
(104, 43, 23, '12.5/4mg syrup', '4ml 3x a day for colds', 1),
(105, 44, 1, '2mg/5ml suspension', '6ml 3x a day for cough', 1),
(106, 44, 23, '12.5/4mg syrup', '5ml 3x a day for colds', 1),
(107, 44, 11, '250mg/5ml suspension', '6ml 3x a day for 7 days', 1),
(108, 45, 4, '1mg/50mg/5ml syrup', '5ml 3x a day for cough', 1),
(109, 45, 23, '12.5/4mg syrup', '4ml 3x a day for colds', 1),
(110, 45, 11, '250mg/5ml suspension', '5ml 3x a day for 7 days', 1),
(111, 45, 97, '120mg/5ml susp', '7.5ml every 4 hours', 1),
(112, 46, 101, '2.5/ml drops', '1 ml daily', 1),
(113, 47, 69, '125mg/5ml suspension', '7.5ml 3x a day for 7 days', 1),
(114, 47, 28, '250mg/5ml suspension', '5ml 3x a day for 7 days', 1),
(115, 47, 65, '2g sachet', 'mix 1 sachet in 100ml water', 1),
(116, 47, 16, '250mg/5ml suspension', '4ml every 4 hours for fever', 1),
(117, 48, 6, '2mg/cap', '1 cap 3x a day for cough', 21),
(118, 48, 12, '500mg capsule', '1 capsule 3x a day for 7 days', 21),
(119, 48, 73, '10mg tablet', '1 tab daily', 7),
(120, 49, 25, '500mg tablet', '1 tab 2x a day for 7 days', 14),
(121, 50, 1, '2mg/5ml suspension', '2.5ml 3x a day for cough', 1),
(122, 50, 13, '100mg/1ml drops', '1.5ml 3x a day for 7 days', 1),
(123, 50, 20, 'drops', '1 ml 3x a day for colds', 1),
(124, 51, 12, '500mg capsule', '1 capsule 3x a day for 7 days', 21),
(125, 51, 17, '500mg tablet', '1 tab every 4 hours for fever', 16),
(126, 52, 59, '250mg/5ml suspension', '7ml 4x a day for 7 days', 3),
(127, 52, 3, '1mg/50mg/5ml syrup', '9ml 3x a day for cough', 3),
(128, 53, 32, '4mg tablet', '1 tab daily before breakfast', 30),
(129, 53, 30, '500mg tablet', '1tab 2x a day with meals', 60),
(130, 54, 85, '500mg capsule', '1 capsule 4x a day (every 6 hrs) for 7 days', 28),
(131, 54, 62, '2.5g sachet', 'Apply 2x a day', 10),
(132, 55, 15, '100mg/1ml drops', '0.9ml every 4 hours for fever', 1),
(133, 55, 58, '6mg/ml drops', '0.6ml 3x a day ', 1),
(134, 55, 13, '100mg/1ml drops', '1.2ml 3x a day for 7 days', 1),
(135, 56, 39, '37.5/325mg tab', '1tab 3x a day for pain', 15),
(136, 56, 43, '10 mg tablet', '1 tablet daily', 30),
(137, 57, 11, '250mg/5ml suspension', '4.5ml 3x a day for 7 days', 2),
(138, 58, 37, '5mg/5ml syrup', '7ml 3x a day for abdominal pain', 1),
(139, 58, 60, '225/200/25mg susp', '10ml 4x a day for 7 days', 1),
(140, 58, 28, '250mg/5ml suspension', '10ml 3x a day for 7 days', 3),
(141, 59, 23, '12.5/4mg syrup', '4ml 3x a day for colds', 1),
(142, 59, 1, '2mg/5ml suspension', '5ml 3x a day for cough', 1),
(143, 59, 19, '200mg/40mg suspension', '5ml 2x a day for 7 days', 1),
(144, 59, 97, '120mg/5ml susp', '8ml every 4 hours', 1),
(145, 60, 23, '12.5/4mg syrup', '3ml 3x a day for colds', 1),
(146, 60, 1, '2mg/5ml suspension', '4ml 3x a day for cough', 1),
(147, 60, 11, '250mg/5ml suspension', '4ml 3x a day for 7 days', 1),
(148, 61, 59, '250mg/5ml suspension', '8ml 4x a day for 7 days', 3),
(149, 62, 58, '6mg/ml drops', '0.6ml 3x a day ', 1),
(150, 62, 10, '100mg/1ml drops', '1 ml 3x a day for 7 days', 1),
(151, 62, 20, 'drops', '1 ml 3x a day for colds', 1),
(152, 63, 87, '8mg tablet', '1 tab 3x a day for cough', 21),
(153, 63, 12, '500mg capsule', '1 capsule 3x a day for 7 days', 21),
(154, 64, 25, '500mg tablet', '1 tab 2x a day for 7 days', 14),
(155, 64, 87, '8mg tablet', '1 tab 3x a day for cough', 21),
(156, 64, 17, '500mg tablet', '1 tab every 4 hours for fever', 15),
(157, 65, 1, '2mg/5ml suspension', '4ml 3x a day for cough', 1),
(158, 65, 18, '250mg/5ml suspension', '2.5ml 3x a day for 7 days', 1),
(159, 65, 64, '3g sachet', '1 sachet daily', 7),
(160, 65, 20, 'drops', '1.4 ml 3x a day for colds', 1),
(161, 66, 20, 'drops', '1 ml 3x a day for colds', 1),
(162, 66, 58, '6mg/ml drops', '0.7ml 3x a day ', 1),
(163, 66, 13, '100mg/1ml drops', '1.5ml 3x a day for 7 days', 1),
(164, 67, 61, '225/200/25mg susp', '5ml 4x a day for 7 days', 1),
(165, 67, 64, '3g sachet', '1 sachet daily', 7),
(166, 68, 1, '2mg/5ml suspension', '4ml 3x a day for cough', 1),
(167, 68, 20, 'drops', '1.5 ml 3x a day for colds', 1),
(168, 68, 28, '250mg/5ml suspension', '4ml 3x a day for 7 days', 1),
(169, 69, 4, '1mg/50mg/5ml syrup', '9ml 3x a day for cough', 1),
(170, 69, 18, '250mg/5ml suspension', '6ml 3x a day for 7 days', 1),
(171, 69, 23, '12.5/4mg syrup', '6ml 3x a day for colds', 1),
(172, 69, 16, '250mg/5ml suspension', '7.5ml every 4 hours for fever', 1),
(173, 70, 33, '20mg tablet', '1 tab 2x a day for 7 days', 14),
(174, 70, 36, '10mg tablet', '1 tab 3x a day for abdominal pain', 21),
(175, 71, 11, '250mg/5ml suspension', '5ml 3x a day for 7 days', 1),
(176, 71, 7, 'nebule', 'nebulize 2x a day', 12),
(177, 72, 25, '500mg tablet', '1 tab 2x a day for 7 days', 14),
(178, 72, 46, '10mg tablet', '1 tablet daily', 100),
(179, 72, 40, '500mg tablet', '1 capsule 3x a day for pain', 15),
(180, 73, 87, '8mg tablet', '1 tab 3x a day for cough', 21),
(181, 73, 12, '500mg capsule', '1 capsule 3x a day for 7 days', 21),
(182, 73, 73, '10mg tablet', '1 tab daily', 7),
(183, 73, 17, '500mg tablet', '1 tab every 4 hours for fever', 18),
(184, 74, 23, '12.5/4mg syrup', '3ml 3x a day for colds', 1),
(185, 74, 16, '250mg/5ml suspension', '4ml every 4 hours for fever', 1),
(186, 75, 13, '100mg/1ml drops', '1.4ml 3x a day for 7 days', 1),
(187, 75, 20, 'drops', '1 ml 3x a day for colds', 1),
(188, 75, 58, '6mg/ml drops', '0.7ml 3x a day ', 1),
(189, 76, 19, '200mg/40mg suspension', '10ml 2x a day for 7 days', 2),
(190, 76, 17, '500mg tablet', '1 tab every 4 hours for fever', 18),
(191, 77, 41, '50mg/5ml syrup', '6ml 3x a day for pain', 1),
(192, 77, 11, '250mg/5ml suspension', '8ml 3x a day for 7 days', 1),
(193, 78, 25, '500mg tablet', '1 tab 2x a day for 7 days', 14),
(194, 78, 40, '500mg tablet', '1 capsule 3x a day for pain', 15),
(195, 78, 62, '2.5g sachet', 'Apply 2x a day', 4),
(196, 79, 11, '250mg/5ml suspension', '4ml 3x a day for 7 days', 2),
(197, 79, 62, '2.5g sachet', 'Apply 2x a day', 3),
(198, 80, 69, '125mg/5ml suspension', '5ml 3x a day for 7 days', 1),
(199, 80, 61, '225/200/25mg susp', '5ml 4x a day for 7 days', 1),
(200, 80, 23, '12.5/4mg syrup', '3ml 3x a day for colds', 1),
(201, 80, 97, '120mg/5ml susp', '6ml every 4 hours', 1),
(202, 80, 65, '2g sachet', 'mix 1 sachet in 100ml water', 10),
(203, 81, 28, '250mg/5ml suspension', '6.5ml 3x a day for 7 days', 2),
(204, 81, 16, '250mg/5ml suspension', '5ml every 4 hours for fever', 1),
(205, 82, 2, '100,000/ml susp', '2ml 4x a day ', 2),
(206, 82, 97, '120mg/5ml susp', '7.5ml every 4 hours', 1),
(207, 83, 2, '100', '2ml 4x a day', 2),
(208, 83, 97, '120mg/5ml susp', '7.5ml every 4 hours', 1),
(209, 84, 59, '250mg/5ml suspension', '4ml 4x a day for 7 days', 3),
(210, 85, 1, '2mg/5ml suspension', '4ml 3x a day for cough', 1),
(211, 85, 97, '120mg/5ml susp', '7ml every 4 hours', 1),
(212, 85, 11, '250mg/5ml suspension', '4ml 3x a day for 7 days', 1),
(213, 85, 2, '100', '2ml 4x a day', 1),
(214, 86, 79, 'suspension', '2ml 4x a day', 1),
(215, 87, 22, '12.5/4mg syrup', '4ml 3x a day for colds', 1),
(216, 87, 4, '1mg/50mg/5ml syrup', '5ml 3x a day for cough', 1),
(217, 88, 73, '10mg tablet', '1 tab daily', 1),
(218, 88, 62, '2.5g sachet', 'Apply 2x a day', 1),
(219, 89, 69, '125mg/5ml suspension', '7.5ml 3x a day for 7 days', 1),
(220, 90, 24, '500mg tablet', '1 tab 2x a day for 7 days', 1),
(221, 90, 5, '2mg/tab ', '1 tab 3x a day for cough', 1),
(222, 90, 73, '10mg tablet', '1 tab daily', 1),
(223, 90, 62, '2.5g sachet', 'Apply 2x a day', 1),
(224, 91, 38, '50mg capsule', '1 capsule 3x a day for pain', 1),
(225, 91, 17, '500mg tablet', '1 tab every 4 hours for fever', 1),
(226, 92, 1, '2mg/5ml suspension', '3ml 3x a day for cough', 1),
(227, 92, 23, '12.5/4mg syrup', '2.4ml 3x a day for colds', 1),
(228, 92, 11, '250mg/5ml suspension', '3ml 3x a day for 7 days', 1),
(229, 93, 52, '500mg tablet', '1 tablet 3x a day for 7 days', 1),
(230, 93, 33, '20mg tablet', '1 tab 2x a day for 7 days', 1),
(231, 93, 65, '2g sachet', 'mix 1 sachet in 100ml water', 1),
(232, 94, 60, '225/200/25mg susp', '6ml 4x a day for 7 days', 1),
(233, 94, 69, '125mg/5ml suspension', '5ml 3x a day for 7 days', 1),
(234, 94, 65, '2g sachet', 'mix 1 sachet in 100ml water', 1),
(235, 95, 59, '250mg/5ml suspension', '5ml 4x a day for 7 days', 1),
(236, 95, 74, 'syrup', '5ml daily', 1),
(237, 96, 82, '0.65% nasal drops', '2-3 drops to each nostril as needed', 1),
(238, 97, 52, '500mg tablet', '1 tablet 3x a day for 7 days', 21),
(239, 97, 33, '20mg tablet', '1 tab daily for 7 days', 7),
(240, 97, 65, '2g sachet', 'mix 1 sachet in 100ml water', 10),
(241, 98, 44, '5mg tablet', '1 tablet daily', 90),
(242, 98, 40, '500mg tablet', '1 capsule 3x a day for pain', 15),
(243, 99, 24, '500mg tablet', '1 tab 2x a day for 7 days', 14),
(244, 99, 62, '2.5g sachet', 'Apply 2x a day', 5),
(245, 99, 46, '10mg tablet', '1 tablet daily', 90),
(246, 100, 82, '0.65% nasal drops', '2-3 drops to each nostril as needed', 1),
(247, 100, 58, '6mg/ml drops', '0.5ml 3x a day ', 1),
(248, 100, 13, '100mg/1ml drops', '1ml 3x a day for 7 days', 1),
(249, 101, 24, '500mg tablet', '1 tab 2x a day for 7 days', 14),
(250, 101, 40, '500mg tablet', '1 capsule 3x a day for pain', 15),
(251, 102, 24, '500mg tablet', '1 tab 2x a day for 7 days', 14),
(252, 102, 40, '500mg tablet', '1 capsule 3x a day for pain', 15),
(253, 102, 5, '2mg/tab ', '1 tab 3x a day for cough', 21),
(254, 102, 45, '5mg tablet', '1 tablet daily', 90),
(255, 102, 33, '20mg tablet', '1 tab 2x a day for 7 days', 7),
(256, 103, 11, '250mg/5ml suspension', '5ml 3x a day for 7 days', 2),
(257, 104, 18, '250mg/5ml suspension', '2ml 3x a day for 7 days', 1),
(258, 104, 1, '2mg/5ml suspension', '3ml 3x a day for cough', 1),
(259, 104, 20, 'drops', '1.2 ml 3x a day for colds', 1),
(260, 104, 15, '100mg/1ml drops', '1.2ml every 4 hours for fever', 1),
(261, 105, 97, '120mg/5ml susp', '6ml every 4 hours', 1),
(262, 105, 61, '225/200/25mg susp', '5ml 4x a day for 7 days', 1),
(263, 105, 1, '2mg/5ml suspension', '4ml 3x a day for cough', 1),
(264, 105, 19, '200mg/40mg suspension', '4ml 2x a day for 7 days', 1),
(265, 106, 24, '500mg tablet', '1 tab 2x a day for 7 days', 14),
(266, 106, 40, '500mg tablet', '1 capsule 3x a day for pain', 15),
(267, 106, 17, '500mg tablet', '1 tab every 4 hours for fever', 20),
(268, 107, 61, '225/200/25mg susp', '8ml 4x a day for 7 days', 1),
(269, 107, 37, '5mg/5ml syrup', '5ml 3x a day for abdominal pain', 1),
(270, 107, 56, '100mg/5ml suspension', '7ml 2x a day for 3 days', 1),
(271, 108, 18, '250mg/5ml suspension', '6ml 3x a day for 7 days', 2),
(272, 108, 62, '2.5g sachet', 'Apply 2x a day', 8),
(273, 109, 28, '250mg/5ml suspension', '2.8ml 3x a day for 7 days', 1),
(274, 109, 1, '2mg/5ml suspension', '2.8ml 3x a day for cough', 1),
(275, 109, 20, 'drops', '1ml 3x a day for colds', 1),
(276, 109, 97, '120mg/5ml susp', '4ml every 4 hours', 1),
(277, 110, 12, '500mg capsule', '1 capsule 3x a day for 7 days', 21),
(278, 110, 5, '2mg/tab ', '1 tab 3x a day for cough', 21),
(279, 110, 73, '10mg tablet', '1 tab daily', 7),
(280, 111, 43, '10 mg tablet', '1 tablet daily for high blood', 100),
(281, 111, 33, '20mg tablet', '1 tab 2x a day for 7 days (before meals)', 14),
(282, 111, 24, '500mg tablet', '1 tab 2x a day for 7 days', 14),
(283, 112, 93, '500mg capsule', 'I capsule 3x a day for bleeding', 15),
(284, 112, 12, '500mg capsule', '1 capsule 3x a day for 7 days', 21),
(285, 112, 87, '8mg tablet', '1 tab 3x a day for cough', 21),
(286, 112, 46, '10mg tablet', '1 tablet daily for high blood', 90),
(287, 113, 35, '40mg tablet', '1 tab daily for 7 days', 14),
(288, 113, 93, '500mg capsule', 'I capsule 3x a day for bleeding', 21),
(289, 114, 46, '10mg tablet', '1 tablet daily for high blood', 90),
(290, 115, 24, '500mg tablet', '1 tab 2x a day for 7 days', 14),
(291, 115, 17, '500mg tablet', '1 tab every 4 hours for fever', 15),
(292, 116, 60, '225/200/25mg susp', '5ml 4x a day for 7 days', 1),
(293, 116, 19, '200mg/40mg suspension', '3ml 2x a day for 7 days', 1),
(294, 116, 64, '3g sachet', '1 sachet daily', 1),
(295, 116, 65, '2g sachet', 'mix 1 sachet in 100ml water', 1),
(296, 117, 19, '200mg/40mg suspension', '5ml 2x a day for 7 days', 1),
(297, 117, 60, '225/200/25mg susp', '5ml 4x a day for 7 days', 1),
(298, 117, 65, '2g sachet', 'mix 1 sachet in 100ml water', 1),
(299, 118, 16, '250mg/5ml suspension', '6ml every 4 hours for fever', 1),
(300, 118, 78, '15mg/10mg syrup', '8ml 3x a day for cough', 1),
(301, 119, 33, '20mg tablet', '1 tab a day for 7 days (before meals)', 7),
(302, 119, 36, '10mg tablet', '1 tab 3x a day for abdominal pain', 15),
(303, 120, 94, 'eye drops', '2 drops to right eye every 4 hours', 1),
(304, 121, 16, '250mg/5ml suspension', '2.5ml every 4 hours for fever', 1),
(305, 121, 1, '2mg/5ml suspension', '3ml 3x a day for cough', 1),
(306, 121, 20, 'drops', '1.2 ml 3x a day for colds', 1),
(307, 121, 9, '100mg/1ml drops', '1.6 ml 3x a day for 7 days', 1),
(308, 122, 24, '500mg tablet', '1 tab 2x a day for 7 days', 14),
(309, 122, 40, '500mg tablet', '1 capsule 3x a day for pain', 15),
(310, 123, 24, '500mg tablet', '1 tab 2x a day for 7 days', 14),
(311, 123, 31, '2mg tablet', '1 tab daily before breakfast', 30),
(312, 123, 30, '500mg tablet', '1tab 2x a day with meals', 30),
(313, 124, 46, '10mg tablet', '1 tablet daily for high blood', 90),
(314, 124, 6, '2mg/cap', '1 cap 3x a day for cough', 21),
(315, 124, 24, '500mg tablet', '1 tab 2x a day for 7 days', 14),
(316, 124, 8, 'nebule', 'nebulize 3x a day', 15),
(317, 124, 55, '10mg tablet', '1 tab 3x a day for 7 days', 21),
(318, 125, 109, '225/200', '2.5ml 4x a day for 7 days', 1),
(319, 125, 20, 'drops', '0.9 ml 3x a day for colds', 1),
(320, 126, 49, '300mg tablet', '1 tab daily for 7 days', 7),
(321, 126, 6, '2mg/cap', '1 cap 3x a day for cough', 21),
(322, 126, 55, '10mg tablet', '1 tab 3x a day', 21),
(323, 126, 8, 'nebule', 'nebulize 3x a day', 15),
(324, 127, 110, '10mg tab', '1 tab  daily x 7 days', 7),
(325, 128, 109, '225/200', '7.5ml 4x a day for 7 days', 1),
(326, 129, 16, '250mg/5ml suspension', '4ml every 4 hours for fever', 1),
(327, 130, 113, 'Topical solution', 'Apply once daily', 1),
(328, 131, 82, '0.65% nasal drops', '2-3 drops to each nostril as needed', 1),
(329, 131, 13, '100mg/1ml drops', '1ml 3x a day for 7 days', 1),
(330, 132, 60, '225/200/25mg susp', '6ml 4x a day for 7 days', 1),
(331, 132, 71, '5mg/5ml syrup', '1.5ml 2x a day for 7 days', 1),
(332, 133, 60, '225/200/25mg susp', '7ml 4x a day for 7 days', 1),
(333, 134, 94, 'eye drops', '2drops to right eye every 4 hours', 1),
(334, 135, 14, '250mg/5ml suspension', '6ml 3x a day for 7 days', 1),
(335, 135, 3, '1mg/50mg/5ml syrup', '6ml 3x a day for cough', 1),
(336, 135, 22, '12.5/4mg syrup', '5ml 3x a day for colds', 1),
(337, 136, 24, '500mg tablet', '1 tab 2x a day for 7 days', 14),
(338, 136, 40, '500mg tablet', '1 capsule 3x a day for pain', 15),
(339, 137, 24, '500mg tablet', '1 tab 2x a day for 7 days', 14),
(340, 137, 89, '3mg/1ml', '2 drops to both eyes every 4 hours', 2),
(341, 138, 66, '20mg tablet', '1 tab 2x a day for chest pain', 1),
(342, 139, 60, '225/200/25mg susp', '6ml 4x a day for 7 days', 1),
(343, 139, 3, '1mg/50mg/5ml syrup', '4ml 3x a day for cough', 1),
(344, 139, 14, '250mg/5ml suspension', '5ml 3x a day for 7 days', 2),
(345, 139, 16, '250mg/5ml suspension', '4ml every 4 hours for fever', 1),
(346, 139, 22, '12.5/4mg syrup', '3ml 3x a day for colds', 1),
(347, 140, 74, 'syrup', '10ml daily', 1),
(348, 141, 33, '20mg tablet', '1 tab a day for 7 days (before meals)', 7),
(349, 141, 24, '500mg tablet', '1 tab 2x a day for 7 days', 14),
(350, 141, 65, '2g sachet', 'mix 1 sachet in 100ml water', 10),
(351, 142, 11, '250mg/5ml suspension', '5ml 3x a day for 7 days', 2),
(352, 142, 16, '250mg/5ml suspension', '4ml every 4 hours for fever', 1),
(353, 142, 74, 'syrup', '5ml daily', 1),
(354, 143, 69, '125mg/5ml suspension', '7ml 3x a day for 7 days', 0),
(355, 143, 60, '225/200/25mg susp', '7ml 4x a day for 7 days', 1),
(356, 144, 60, '225/200/25mg susp', '10ml 4x a day for 7 days', 2),
(357, 145, 12, '500mg capsule', '1 capsule 3x a day for 7 days', 1),
(358, 146, 65, '2g sachet', 'mix 1 sachet in 100ml water', 8),
(359, 146, 19, '200mg/40mg suspension', '1.8ml 2x a day for 7 days', 1),
(360, 147, 20, 'drops', '1.3 ml 3x a day for colds', 1),
(361, 147, 58, '6mg/ml drops', '0.9ml 3x a day ', 1),
(362, 147, 9, '100mg/1ml drops', '1.8 ml 3x a day for 7 days', 1),
(363, 147, 15, '100mg/1ml drops', '1.5ml every 4 hours for fever', 1),
(364, 148, 33, '20mg tablet', '1 tab 2x a day for 7 days (before meals)', 14),
(365, 148, 36, '10mg tablet', '1 tab 3x a day for abdominal pain', 15),
(366, 149, 11, '250mg/5ml suspension', '7.5ml 3x a day for 7 days', 2),
(367, 149, 1, '2mg/5ml suspension', '7.5ml 3x a day for cough', 2),
(368, 149, 16, '250mg/5ml suspension', '6ml every 4 hours for fever', 1),
(369, 150, 69, '125mg/5ml suspension', '5ml 3x a day for 7 days', 1),
(370, 150, 65, '2g sachet', 'mix 1 sachet in 100ml water', 10),
(371, 150, 60, '225/200/25mg susp', '5ml 4x a day for 7 days', 1),
(372, 151, 18, '250mg/5ml suspension', '2.5ml 3x a day for 7 days', 1),
(373, 151, 62, '2.5g sachet', 'Apply 3x a day', 5),
(374, 152, 1, '2mg/5ml suspension', '4ml 3x a day for cough', 1),
(375, 152, 11, '250mg/5ml suspension', '5ml 3x a day for 7 days', 1),
(376, 152, 22, '12.5/4mg syrup', '3ml 3x a day for colds', 1),
(377, 153, 50, '200mg tablet', '1 tab 2x a day for pain', 14),
(378, 154, 33, '20mg tablet', '1 tab 2x a day for 7 days (before meals)', 14),
(379, 154, 36, '10mg tablet', '1 tab 3x a day for abdominal pain', 15),
(380, 154, 24, '500mg tablet', '1 tab 2x a day for 7 days', 14),
(381, 154, 6, '2mg/cap', '1 cap 3x a day for cough', 21),
(382, 154, 73, '10mg tablet', '1 tab daily', 7),
(383, 155, 24, '500mg tablet', '1 tab 2x a day for 7 days', 14),
(384, 155, 40, '500mg tablet', '1 capsule 3x a day for pain', 15),
(385, 156, 24, '500mg tablet', '1 tab 2x a day for 7 days', 14),
(386, 156, 39, '37.5/325mg tab', '1tab 3x a day for pain', 15),
(387, 157, 110, '10mg tab', '1 tab  daily x 7 days', 7),
(388, 157, 114, 'lotion', 'Apply 3x a day', 1);
